Designator,Footprint,Quantity,Value,LCSC Part #
"C1, C10, C11, C12, C13, C2, C3, C4, C5, C6, C7, C8",0603,12,100nC,
"C18, C9",CP_Elec_6.3x7.7,2,100uC_Polarized,
"D1, D10, D100, D101, D102, D103, D104, D105, D106, D107, D108, D109, D11, D110, D111, D112, D113, D114, D115, D116, D117, D118, D119, D12, D120, D121, D122, D123, D124, D125, D126, D127, D128, D13, D14, D15, D16, D17, D18, D19, D2, D20, D21, D22, D23, D24, D25, D26, D27, D28, D29, D3, D30, D31, D32, D33, D34, D35, D36, D37, D38, D39, D4, D40, D41, D42, D43, D44, D45, D46, D47, D48, D49, D5, D50, D51, D52, D53, D54, D55, D56, D57, D58, D59, D6, D60, D61, D62, D63, D64, D65, D66, D67, D68, D69, D7, D70, D71, D72, D73, D74, D75, D76, D77, D78, D79, D8, D80, D81, D82, D83, D84, D85, D86, D87, D88, D89, D9, D90, D91, D92, D93, D94, D95, D96, D97, D98, D99",0805,128,LED,
"Q1, Q10, Q100, Q1000, Q1001, Q1003, Q1004, Q1006, Q1007, Q1008, Q1009, Q101, Q1010, Q1012, Q1013, Q1015, Q1016, Q1017, Q1018, Q1019, Q1021, Q1022, Q1024, Q1025, Q1026, Q1027, Q1028, Q103, Q1030, Q1031, Q1033, Q1034, Q1035, Q1036, Q1037, Q1039, Q104, Q1040, Q1042, Q1043, Q1044, Q1045, Q1046, Q1048, Q1049, Q1051, Q1052, Q1053, Q1054, Q1055, Q1057, Q1058, Q106, Q1060, Q1061, Q1062, Q1063, Q1064, Q1066, Q1067, Q1069, Q107, Q1070, Q1071, Q1072, Q1073, Q1075, Q1076, Q1078, Q1079, Q108, Q1080, Q1081, Q1082, Q1084, Q1085, Q1087, Q1088, Q1089, Q109, Q1090, Q1091, Q1093, Q1094, Q1096, Q1097, Q1098, Q1099, Q11, Q110, Q1100, Q1102, Q1103, Q1105, Q1106, Q1107, Q1108, Q1109, Q1111, Q1112, Q1114, Q1115, Q1116, Q1117, Q1118, Q112, Q1120, Q1121, Q1123, Q1124, Q1125, Q1126, Q1127, Q1129, Q113, Q1130, Q1132, Q1133, Q1134, Q1135, Q1136, Q1138, Q1139, Q1141, Q1142, Q1143, Q1144, Q1145, Q1147, Q1148, Q115, Q1150, Q1151, Q1152, Q1154, Q1156, Q1158, Q116, Q1160, Q1166, Q1167, Q1168, Q1169, Q117, Q1170, Q1176, Q1177, Q1178, Q1179, Q118, Q1180, Q1186, Q1187, Q1188, Q1189, Q119, Q1190, Q1196, Q1197, Q1198, Q1199, Q1200, Q1206, Q1207, Q1208, Q1209, Q121, Q1210, Q1216, Q1217, Q1218, Q1219, Q122, Q1220, Q1226, Q1227, Q1228, Q1229, Q1230, Q1236, Q1237, Q1238, Q1239, Q124, Q1240, Q1246, Q1247, Q1248, Q1249, Q125, Q1250, Q1256, Q1257, Q1258, Q1259, Q126, Q1260, Q1266, Q1267, Q1268",SOT-23-N,200,NMOS,C49308282
"Q1002, Q1005, Q1011, Q1014, Q102, Q1020, Q1023, Q1029, Q1032, Q1038, Q1041, Q1047, Q105, Q1050, Q1056, Q1059, Q1065, Q1068, Q1074, Q1077, Q1083, Q1086, Q1092, Q1095, Q1101, Q1104, Q111, Q1110, Q1113, Q1119, Q1122, Q1128, Q1131, Q1137, Q114, Q1140, Q1146, Q1149, Q1153, Q1155, Q1157, Q1159, Q1161, Q1162, Q1163, Q1164, Q1165, Q1171, Q1172, Q1173, Q1174, Q1175, Q1181, Q1182, Q1183, Q1184, Q1185, Q1191, Q1192, Q1193, Q1194, Q1195, Q12, Q120, Q1201, Q1202, Q1203, Q1204, Q1205, Q1211, Q1212, Q1213, Q1214, Q1215, Q1221, Q1222, Q1223, Q1224, Q1225, Q123, Q1231, Q1232, Q1233, Q1234, Q1235, Q1241, Q1242, Q1243, Q1244, Q1245, Q1251, Q1252, Q1253, Q1254, Q1255, Q1261, Q1262, Q1263, Q1264, Q1265, Q1271, Q1272, Q1273, Q1274, Q1275, Q1281, Q1282, Q1283, Q1284, Q1285, Q129, Q1291, Q1292, Q1293, Q1294, Q1295, Q1301, Q1302, Q1303, Q1304, Q1305, Q1311, Q1312, Q1313, Q1314, Q1315, Q132, Q138, Q141, Q147, Q15, Q150, Q156, Q159, Q165, Q168, Q174, Q177, Q183, Q186, Q192, Q195, Q201, Q204, Q21, Q210, Q213, Q219, Q222, Q228, Q231, Q237, Q24, Q240, Q246, Q249, Q255, Q258, Q264, Q267, Q273, Q276, Q282, Q285, Q291, Q294, Q3, Q30, Q300, Q303, Q309, Q312, Q318, Q321, Q327, Q33, Q330, Q336, Q339, Q345, Q348, Q354, Q357, Q363, Q366, Q372, Q375, Q381, Q384, Q39, Q390, Q393, Q399, Q402, Q408, Q411, Q417, Q42, Q420, Q426",SOT-23-P,200,PMOS,C41384537
"Q1269, Q127, Q1270, Q1276, Q1277, Q1278, Q1279, Q128, Q1280, Q1286, Q1287, Q1288, Q1289, Q1290, Q1296, Q1297, Q1298, Q1299, Q13, Q130, Q1300, Q1306, Q1307, Q1308, Q1309, Q131, Q1310, Q1316, Q1317, Q1318, Q1319, Q1320, Q1321, Q1322, Q1323, Q1324, Q1325, Q1326, Q1327, Q1328, Q1329, Q133, Q1330, Q1331, Q1332, Q1333, Q1334, Q1335, Q1336, Q134, Q135, Q136, Q137, Q139, Q14, Q140, Q142, Q143, Q144, Q145, Q146, Q148, Q149, Q151, Q152, Q153, Q154, Q155, Q157, Q158, Q16, Q160, Q161, Q162, Q163, Q164, Q166, Q167, Q169, Q17, Q170, Q171, Q172, Q173, Q175, Q176, Q178, Q179, Q18, Q180, Q181, Q182, Q184, Q185, Q187, Q188, Q189, Q19, Q190, Q191, Q193, Q194, Q196, Q197, Q198, Q199, Q2, Q20, Q200, Q202, Q203, Q205, Q206, Q207, Q208, Q209, Q211, Q212, Q214, Q215, Q216, Q217, Q218, Q22, Q220, Q221, Q223, Q224, Q225, Q226, Q227, Q229, Q23, Q230, Q232, Q233, Q234, Q235, Q236, Q238, Q239, Q241, Q242, Q243, Q244, Q245, Q247, Q248, Q25, Q250, Q251, Q252, Q253, Q254, Q256, Q257, Q259, Q26, Q260, Q261, Q262, Q263, Q265, Q266, Q268, Q269, Q27, Q270, Q271, Q272, Q274, Q275, Q277, Q278, Q279, Q28, Q280, Q281, Q283, Q284, Q286, Q287, Q288, Q289, Q29, Q290, Q292, Q293, Q295, Q296, Q297, Q298, Q299, Q301, Q302, Q304, Q305, Q306, Q307, Q308",SOT-23-N,200,NMOS,C49308282
"Q31, Q310, Q311, Q313, Q314, Q315, Q316, Q317, Q319, Q32, Q320, Q322, Q323, Q324, Q325, Q326, Q328, Q329, Q331, Q332, Q333, Q334, Q335, Q337, Q338, Q34, Q340, Q341, Q342, Q343, Q344, Q346, Q347, Q349, Q35, Q350, Q351, Q352, Q353, Q355, Q356, Q358, Q359, Q36, Q360, Q361, Q362, Q364, Q365, Q367, Q368, Q369, Q37, Q370, Q371, Q373, Q374, Q376, Q377, Q378, Q379, Q38, Q380, Q382, Q383, Q385, Q386, Q387, Q388, Q389, Q391, Q392, Q394, Q395, Q396, Q397, Q398, Q4, Q40, Q400, Q401, Q403, Q404, Q405, Q406, Q407, Q409, Q41, Q410, Q412, Q413, Q414, Q415, Q416, Q418, Q419, Q421, Q422, Q423, Q424, Q425, Q427, Q428, Q43, Q430, Q431, Q432, Q433, Q434, Q436, Q437, Q439, Q44, Q440, Q441, Q442, Q443, Q445, Q446, Q448, Q449, Q45, Q450, Q451, Q452, Q454, Q455, Q457, Q458, Q459, Q46, Q460, Q461, Q463, Q464, Q466, Q467, Q468, Q469, Q47, Q470, Q472, Q473, Q475, Q476, Q477, Q478, Q479, Q481, Q482, Q484, Q485, Q486, Q487, Q488, Q49, Q490, Q491, Q493, Q494, Q495, Q496, Q497, Q499, Q5, Q50, Q500, Q502, Q503, Q504, Q505, Q506, Q508, Q509, Q511, Q512, Q513, Q514, Q515, Q517, Q518, Q52, Q520, Q521, Q522, Q523, Q524, Q526, Q527, Q529, Q53, Q530, Q531, Q532, Q533, Q535, Q536, Q538, Q539, Q54",SOT-23-N,200,NMOS,C49308282
"Q429, Q435, Q438, Q444, Q447, Q453, Q456, Q462, Q465, Q471, Q474, Q48, Q480, Q483, Q489, Q492, Q498, Q501, Q507, Q51, Q510, Q516, Q519, Q525, Q528, Q534, Q537, Q543, Q546, Q552, Q555, Q561, Q564, Q57, Q570, Q573, Q579, Q582, Q588, Q591, Q597, Q6, Q60, Q600, Q606, Q609, Q615, Q618, Q624, Q627, Q633, Q636, Q642, Q645, Q651, Q654, Q66, Q660, Q663, Q669, Q672, Q678, Q681, Q687, Q69, Q690, Q696, Q699, Q705, Q708, Q714, Q717, Q723, Q726, Q732, Q735, Q741, Q744, Q75, Q750, Q753, Q759, Q762, Q768, Q771, Q777, Q78, Q780, Q786, Q789, Q795, Q798, Q804, Q807, Q813, Q816, Q822, Q825, Q831, Q834, Q84, Q840, Q843, Q849, Q852, Q858, Q861, Q867, Q87, Q870, Q876, Q879, Q885, Q888, Q894, Q897, Q903, Q906, Q912, Q915, Q921, Q924, Q93, Q930, Q933, Q939, Q942, Q948, Q951, Q957, Q96, Q960, Q966, Q969, Q975, Q978, Q984, Q987, Q993, Q996",SOT-23-P,140,PMOS,C41384537
"Q540, Q541, Q542, Q544, Q545, Q547, Q548, Q549, Q55, Q550, Q551, Q553, Q554, Q556, Q557, Q558, Q559, Q56, Q560, Q562, Q563, Q565, Q566, Q567, Q568, Q569, Q571, Q572, Q574, Q575, Q576, Q577, Q578, Q58, Q580, Q581, Q583, Q584, Q585, Q586, Q587, Q589, Q59, Q590, Q592, Q593, Q594, Q595, Q596, Q598, Q599, Q601, Q602, Q603, Q604, Q605, Q607, Q608, Q61, Q610, Q611, Q612, Q613, Q614, Q616, Q617, Q619, Q62, Q620, Q621, Q622, Q623, Q625, Q626, Q628, Q629, Q63, Q630, Q631, Q632, Q634, Q635, Q637, Q638, Q639, Q64, Q640, Q641, Q643, Q644, Q646, Q647, Q648, Q649, Q65, Q650, Q652, Q653, Q655, Q656, Q657, Q658, Q659, Q661, Q662, Q664, Q665, Q666, Q667, Q668, Q67, Q670, Q671, Q673, Q674, Q675, Q676, Q677, Q679, Q68, Q680, Q682, Q683, Q684, Q685, Q686, Q688, Q689, Q691, Q692, Q693, Q694, Q695, Q697, Q698, Q7, Q70, Q700, Q701, Q702, Q703, Q704, Q706, Q707, Q709, Q71, Q710, Q711, Q712, Q713, Q715, Q716, Q718, Q719, Q72, Q720, Q721, Q722, Q724, Q725, Q727, Q728, Q729, Q73, Q730, Q731, Q733, Q734, Q736, Q737, Q738, Q739, Q74, Q740, Q742, Q743, Q745, Q746, Q747, Q748, Q749, Q751, Q752, Q754, Q755, Q756, Q757, Q758, Q76, Q760, Q761, Q763, Q764, Q765, Q766, Q767, Q769, Q77, Q770, Q772",SOT-23-N,200,NMOS,C49308282
"Q773, Q774, Q775, Q776, Q778, Q779, Q781, Q782, Q783, Q784, Q785, Q787, Q788, Q79, Q790, Q791, Q792, Q793, Q794, Q796, Q797, Q799, Q8, Q80, Q800, Q801, Q802, Q803, Q805, Q806, Q808, Q809, Q81, Q810, Q811, Q812, Q814, Q815, Q817, Q818, Q819, Q82, Q820, Q821, Q823, Q824, Q826, Q827, Q828, Q829, Q83, Q830, Q832, Q833, Q835, Q836, Q837, Q838, Q839, Q841, Q842, Q844, Q845, Q846, Q847, Q848, Q85, Q850, Q851, Q853, Q854, Q855, Q856, Q857, Q859, Q86, Q860, Q862, Q863, Q864, Q865, Q866, Q868, Q869, Q871, Q872, Q873, Q874, Q875, Q877, Q878, Q88, Q880, Q881, Q882, Q883, Q884, Q886, Q887, Q889, Q89, Q890, Q891, Q892, Q893, Q895, Q896, Q898, Q899, Q9, Q90, Q900, Q901, Q902, Q904, Q905, Q907, Q908, Q909, Q91, Q910, Q911, Q913, Q914, Q916, Q917, Q918, Q919, Q92, Q920, Q922, Q923, Q925, Q926, Q927, Q928, Q929, Q931, Q932, Q934, Q935, Q936, Q937, Q938, Q94, Q940, Q941, Q943, Q944, Q945, Q946, Q947, Q949, Q95, Q950, Q952, Q953, Q954, Q955, Q956, Q958, Q959, Q961, Q962, Q963, Q964, Q965, Q967, Q968, Q97, Q970, Q971, Q972, Q973, Q974, Q976, Q977, Q979, Q98, Q980, Q981, Q982, Q983, Q985, Q986, Q988, Q989, Q99, Q990, Q991, Q992, Q994, Q995, Q997, Q998, Q999",SOT-23-N,196,NMOS,C49308282
"R1, R101, R103, R105, R107, R109, R11, R111, R113, R115, R117, R119, R121, R123, R125, R127, R129, R13, R131, R133, R135, R137, R139, R141, R143, R145, R147, R149, R15, R151, R153, R155, R157, R159, R161, R163, R165, R167, R169, R17, R171, R173, R175, R177, R179, R181, R183, R185, R187, R189, R19, R191, R193, R195, R197, R199, R201, R203, R205, R207, R209, R21, R211, R213, R215, R217, R219, R221, R223, R225, R227, R229, R23, R231, R233, R235, R237, R239, R241, R243, R245, R247, R249, R25, R251, R253, R255, R27, R29, R3, R31, R33, R35, R37, R39, R41, R43, R45, R47, R49, R5, R51, R53, R55, R57, R59, R61, R63, R65, R67, R69, R7, R71, R73, R75, R77, R79, R81, R83, R85, R87, R89, R9, R91, R93, R95, R97, R99",0603,128,220R,
"R10, R100, R102, R104, R106, R108, R110, R112, R114, R116, R118, R12, R120, R122, R124, R126, R128, R130, R132, R134, R136, R138, R14, R140, R142, R144, R146, R148, R150, R152, R154, R156, R158, R16, R160, R162, R164, R166, R168, R170, R172, R174, R176, R178, R18, R180, R182, R184, R186, R188, R190, R192, R194, R196, R198, R2, R20, R200, R202, R204, R206, R208, R210, R212, R214, R216, R218, R22, R220, R222, R224, R226, R228, R230, R232, R234, R236, R238, R24, R240, R242, R244, R246, R248, R250, R252, R254, R256, R26, R28, R30, R32, R34, R36, R38, R4, R40, R42, R44, R46, R48, R50, R52, R54, R56, R58, R6, R60, R62, R64, R66, R68, R70, R72, R74, R76, R78, R8, R80, R82, R84, R86, R88, R90, R92, R94, R96, R98",0603,128,47R,C54531463
"R257, R258, R259, R260, R261, R262, R263, R264, R265, R266, R267, R268, R269, R270, R271, R272",0603,16,10kR,C54920960
