Designator,Mid X,Mid Y,Rotation,Layer
J1,122.42,-129.08,0.0,top
J10,75.27,-129.13,0.0,top
J11,75.23,-56.13,0.0,top
J12,63.48,-129.13,0.0,top
J13,63.52,-56.13,0.0,top
J14,51.48,-129.13,0.0,top
J15,51.48,-56.13,0.0,top
J16,39.48,-129.13,0.0,top
J17,39.48,-56.13,0.0,top
J2,122.52,-56.13,0.0,top
J3,133.98,-129.38,0.0,top
J4,110.52,-129.13,0.0,top
J5,110.52,-56.13,0.0,top
J6,98.73,-129.13,0.0,top
J7,98.77,-56.13,0.0,top
J8,87.02,-129.12,0.0,top
J9,87.02,-56.13,0.0,top
Q1,171.047776,-108.295,270.0,top
Q10,151.139026,-133.0,270.0,top
Q100,150.189026,-60.0625,270.0,top
Q101,154.689026,-60.0625,270.0,top
Q102,159.139026,-60.0625,270.0,top
Q103,163.589026,-60.0625,270.0,top
Q104,165.689026,-57.0,270.0,top
Q105,161.189026,-57.0,270.0,top
Q106,156.739026,-57.125,270.0,top
Q107,152.439026,-57.0,270.0,top
Q108,147.939026,-57.0625,270.0,top
Q109,146.239026,-102.50625,270.0,top
Q11,155.639026,-133.0,270.0,top
Q110,150.639026,-102.50625,270.0,top
Q111,155.139026,-102.50625,270.0,top
Q112,159.589026,-102.50625,270.0,top
Q113,164.039026,-102.50625,270.0,top
Q114,166.139026,-99.44375,270.0,top
Q115,161.639026,-99.44375,270.0,top
Q116,157.189026,-99.56875,270.0,top
Q117,152.889026,-99.44375,270.0,top
Q118,148.389026,-99.50625,270.0,top
Q119,145.739026,-53.90625,270.0,top
Q12,160.089026,-133.0,270.0,top
Q120,150.139026,-53.90625,270.0,top
Q121,154.639026,-53.90625,270.0,top
Q122,159.089026,-53.90625,270.0,top
Q123,163.539026,-53.90625,270.0,top
Q124,165.639026,-50.84375,270.0,top
Q125,161.139026,-50.84375,270.0,top
Q126,156.689026,-50.96875,270.0,top
Q127,152.389026,-50.84375,270.0,top
Q128,147.889026,-50.90625,270.0,top
Q129,146.239026,-96.5,270.0,top
Q13,164.539026,-133.0,270.0,top
Q130,150.639026,-96.5,270.0,top
Q131,155.139026,-96.5,270.0,top
Q132,159.589026,-96.5,270.0,top
Q133,164.039026,-96.5,270.0,top
Q134,166.139026,-93.4375,270.0,top
Q135,161.639026,-93.4375,270.0,top
Q136,157.189026,-93.5625,270.0,top
Q137,152.889026,-93.4375,270.0,top
Q138,148.389026,-93.5,270.0,top
Q139,145.739026,-47.75,270.0,top
Q14,166.639026,-129.9375,270.0,top
Q140,150.139026,-47.75,270.0,top
Q141,154.639026,-47.75,270.0,top
Q142,159.089026,-47.75,270.0,top
Q143,163.539026,-47.75,270.0,top
Q144,165.639026,-44.6875,270.0,top
Q145,161.139026,-44.6875,270.0,top
Q146,156.689026,-44.8125,270.0,top
Q147,152.389026,-44.6875,270.0,top
Q148,147.889026,-44.75,270.0,top
Q149,146.239026,-90.5,270.0,top
Q15,162.139026,-129.9375,270.0,top
Q150,150.639026,-90.5,270.0,top
Q151,155.139026,-90.5,270.0,top
Q152,159.589026,-90.5,270.0,top
Q153,164.039026,-90.5,270.0,top
Q154,166.139026,-87.4375,270.0,top
Q155,161.639026,-87.4375,270.0,top
Q156,157.189026,-87.5625,270.0,top
Q157,152.889026,-87.4375,270.0,top
Q158,148.389026,-87.5,270.0,top
Q159,145.739026,-41.75,270.0,top
Q16,157.689026,-130.0625,270.0,top
Q160,150.139026,-41.75,270.0,top
Q161,154.639026,-41.75,270.0,top
Q162,159.089026,-41.75,270.0,top
Q163,163.539026,-41.75,270.0,top
Q164,165.639026,-38.6875,270.0,top
Q165,161.139026,-38.6875,270.0,top
Q166,156.689026,-38.8125,270.0,top
Q167,152.389026,-38.6875,270.0,top
Q168,147.889026,-38.75,270.0,top
Q169,133.5875,-90.75,0.0,top
Q17,153.389026,-129.9375,270.0,top
Q170,133.4625,-54.8,0.0,top
Q171,133.525,-86.3,0.0,top
Q172,133.5875,-50.3,0.0,top
Q173,133.4625,-81.8,0.0,top
Q174,133.4625,-45.8,0.0,top
Q175,133.525,-77.3,0.0,top
Q176,133.5875,-41.25,0.0,top
Q177,133.525,-72.8,0.0,top
Q178,133.525,-36.55,0.0,top
Q179,133.525,-68.3,0.0,top
Q18,148.889026,-130.0,270.0,top
Q180,133.4625,-32.05,0.0,top
Q181,133.525,-63.8,0.0,top
Q182,133.525,-27.55,0.0,top
Q183,133.525,-59.3,0.0,top
Q184,133.4625,-23.05,0.0,top
Q19,146.239026,-84.3125,270.0,top
Q2,173.322776,-105.4375,270.0,top
Q20,150.639026,-84.3125,270.0,top
Q21,155.139026,-84.3125,270.0,top
Q22,159.589026,-84.3125,270.0,top
Q23,164.039026,-84.3125,270.0,top
Q24,166.139026,-81.25,270.0,top
Q25,161.639026,-81.25,270.0,top
Q26,157.189026,-81.375,270.0,top
Q27,152.889026,-81.25,270.0,top
Q28,148.389026,-81.3125,270.0,top
Q29,146.532776,-127.04375,270.0,top
Q3,170.889026,-96.4375,270.0,top
Q30,150.932776,-127.04375,270.0,top
Q31,155.432776,-127.04375,270.0,top
Q32,159.882776,-127.04375,270.0,top
Q33,164.332776,-127.04375,270.0,top
Q34,166.432776,-123.98125,270.0,top
Q35,161.932776,-123.98125,270.0,top
Q36,157.482776,-124.10625,270.0,top
Q37,153.182776,-123.98125,270.0,top
Q38,148.682776,-124.04375,270.0,top
Q39,146.039026,-78.3125,270.0,top
Q4,173.164026,-93.58,270.0,top
Q40,150.439026,-78.3125,270.0,top
Q41,154.939026,-78.3125,270.0,top
Q42,159.389026,-78.3125,270.0,top
Q43,163.839026,-78.3125,270.0,top
Q44,165.939026,-75.25,270.0,top
Q45,161.439026,-75.25,270.0,top
Q46,156.989026,-75.375,270.0,top
Q47,152.689026,-75.25,270.0,top
Q48,148.189026,-75.3125,270.0,top
Q49,146.489026,-120.9375,270.0,top
Q5,171.064026,-102.3125,270.0,top
Q50,150.889026,-120.9375,270.0,top
Q51,155.389026,-120.9375,270.0,top
Q52,159.839026,-120.9375,270.0,top
Q53,164.289026,-120.9375,270.0,top
Q54,166.389026,-117.875,270.0,top
Q55,161.889026,-117.875,270.0,top
Q56,157.439026,-118.0,270.0,top
Q57,153.139026,-117.875,270.0,top
Q58,148.639026,-117.9375,270.0,top
Q59,145.989026,-72.25,270.0,top
Q6,173.339026,-99.455,270.0,top
Q60,150.389026,-72.25,270.0,top
Q61,154.889026,-72.25,270.0,top
Q62,159.339026,-72.25,270.0,top
Q63,163.789026,-72.25,270.0,top
Q64,165.889026,-69.1875,270.0,top
Q65,161.389026,-69.1875,270.0,top
Q66,156.939026,-69.3125,270.0,top
Q67,152.639026,-69.1875,270.0,top
Q68,148.139026,-69.25,270.0,top
Q69,146.414026,-114.75,270.0,top
Q7,170.814026,-90.565552,270.0,top
Q70,150.814026,-114.75,270.0,top
Q71,155.314026,-114.75,270.0,top
Q72,159.764026,-114.75,270.0,top
Q73,164.214026,-114.75,270.0,top
Q74,166.314026,-111.6875,270.0,top
Q75,161.814026,-111.6875,270.0,top
Q76,157.364026,-111.8125,270.0,top
Q77,153.064026,-111.6875,270.0,top
Q78,148.564026,-111.75,270.0,top
Q79,145.914026,-66.1875,270.0,top
Q8,173.089026,-87.708052,270.0,top
Q80,150.314026,-66.1875,270.0,top
Q81,154.814026,-66.1875,270.0,top
Q82,159.264026,-66.1875,270.0,top
Q83,163.714026,-66.1875,270.0,top
Q84,165.814026,-63.125,270.0,top
Q85,161.314026,-63.125,270.0,top
Q86,156.864026,-63.25,270.0,top
Q87,152.564026,-63.125,270.0,top
Q88,148.064026,-63.1875,270.0,top
Q89,146.289026,-108.625,270.0,top
Q9,146.739026,-133.0,270.0,top
Q90,150.689026,-108.625,270.0,top
Q91,155.189026,-108.625,270.0,top
Q92,159.639026,-108.625,270.0,top
Q93,164.089026,-108.625,270.0,top
Q94,166.189026,-105.5625,270.0,top
Q95,161.689026,-105.5625,270.0,top
Q96,157.239026,-105.6875,270.0,top
Q97,152.939026,-105.5625,270.0,top
Q98,148.439026,-105.625,270.0,top
Q99,145.789026,-60.0625,270.0,top
R1,137.525,-90.3,90.0,top
R10,137.525,-36.05,90.0,top
R11,137.525,-67.8,90.0,top
R12,137.525,-31.55,90.0,top
R13,137.525,-63.05,90.0,top
R14,137.525,-27.05,90.0,top
R15,137.525,-58.8,90.0,top
R16,137.525,-22.55,90.0,top
R2,137.525,-54.3,90.0,top
R3,137.525,-85.8,90.0,top
R4,137.525,-49.8,90.0,top
R5,137.525,-81.3,90.0,top
R6,137.525,-45.3,90.0,top
R7,137.525,-76.8,90.0,top
R8,137.525,-40.55,90.0,top
R9,137.525,-72.3,90.0,top
